Workbook

Sheet EVM Dashboard
A1: OFFICE FIT-OUT - PROJECT CONTROLLING DASHBOARD
A2: EVM Performance Status | Tufte-Compliant Design | Data-Ink Maximized
A4: Status Date: | B4: 46185 | D4: Status Week: | E4: 6 | G4: Sector: | H4: Corporate Real Estate
A6: BUDGET AT COMPLETION (BAC) | D6: PLANNED VALUE (PV) | G6: ACTUAL COST (AC) | J6: EARNED VALUE (EV)
A7: =D30 | D7: =E30 | G7: =F30 | J7: =H30
A9: COST VARIANCE (CV) | D9: SCHEDULE VARIANCE (SV) | G9: CPI (COST INDEX) | J9: SPI (SCHEDULE INDEX)
A10: =I30 | D10: =J30 | G10: =K30 | J10: =L30
A12: ESTIMATE AT COMPLETION (EAC) | D12: ESTIMATE TO COMPLETE (ETC) | G12: VARIANCE AT COMPLETION (VAC) | J12: PROJECT PROGRESS %
A13: =M30 | D13: =N30 | G13: =O30 | J13: =G30
A15: WBS Element Performance Breakdown
A17: WBS ID | B17: Activity Name | C17: Type | D17: Budget (BAC) | E17: Planned Value (PV) | F17: Actual Cost (AC) | G17: Progress % | H17: Earned Value (EV) | I17: CV | J17: SV | K17: CPI | L17: SPI | M17: EAC | N17: ETC | O17: VAC | P17: Status
A18: WBS-01 | B18: Project Management | C18: Labor | D18: =VLOOKUP(A18, Dim_WBS!A:E, 5, FALSE) | E18: =SUMIFS(Fact_Baseline_PV!C:C, Fact_Baseline_PV!B:B, A18, Fact_Baseline_PV!A:A, "<="&B$4) | F18: =SUMIFS(Fact_Actual_Costs!D:D, Fact_Actual_Costs!B:B, A18) | G18: =IFERROR(_xlfn.MAXIFS(Fact_Physical_Progress!C:C, Fact_Physical_Progress!B:B, A18, Fact_Physical_Progress!A:A, "<="&B$4), 0) | H18: =D18*G18 | I18: =H18-F18 | J18: =H18-E18 | K18: =IF(F18>0, H18/F18, 1.00) | L18: =IF(E18>0, H18/E18, 1.00) | M18: =IF(K18>0, D18/K18, D18) | N18: =M18-F18 | O18: =D18-M18 | P18: =IF(K18<0.95, "🔴 Overrun", IF(K18<1.0, "🟡 Warning", "On Track"))
A19: WBS-02 | B19: Site Survey & Mobilization | C19: Labor | D19: =VLOOKUP(A19, Dim_WBS!A:E, 5, FALSE) | E19: =SUMIFS(Fact_Baseline_PV!C:C, Fact_Baseline_PV!B:B, A19, Fact_Baseline_PV!A:A, "<="&B$4) | F19: =SUMIFS(Fact_Actual_Costs!D:D, Fact_Actual_Costs!B:B, A19) | G19: =IFERROR(_xlfn.MAXIFS(Fact_Physical_Progress!C:C, Fact_Physical_Progress!B:B, A19, Fact_Physical_Progress!A:A, "<="&B$4), 0) | H19: =D19*G19 | I19: =H19-F19 | J19: =H19-E19 | K19: =IF(F19>0, H19/F19, 1.00) | L19: =IF(E19>0, H19/E19, 1.00) | M19: =IF(K19>0, D19/K19, D19) | N19: =M19-F19 | O19: =D19-M19 | P19: =IF(K19<0.95, "🔴 Overrun", IF(K19<1.0, "🟡 Warning", "On Track"))
A20: WBS-03 | B20: Design & Engineering | C20: Labor | D20: =VLOOKUP(A20, Dim_WBS!A:E, 5, FALSE) | E20: =SUMIFS(Fact_Baseline_PV!C:C, Fact_Baseline_PV!B:B, A20, Fact_Baseline_PV!A:A, "<="&B$4) | F20: =SUMIFS(Fact_Actual_Costs!D:D, Fact_Actual_Costs!B:B, A20) | G20: =IFERROR(_xlfn.MAXIFS(Fact_Physical_Progress!C:C, Fact_Physical_Progress!B:B, A20, Fact_Physical_Progress!A:A, "<="&B$4), 0) | H20: =D20*G20 | I20: =H20-F20 | J20: =H20-E20 | K20: =IF(F20>0, H20/F20, 1.00) | L20: =IF(E20>0, H20/E20, 1.00) | M20: =IF(K20>0, D20/K20, D20) | N20: =M20-F20 | O20: =D20-M20 | P20: =IF(K20<0.95, "🔴 Overrun", IF(K20<1.0, "🟡 Warning", "On Track"))
A21: WBS-04 | B21: Procurement - Materials | C21: Material | D21: =VLOOKUP(A21, Dim_WBS!A:E, 5, FALSE) | E21: =SUMIFS(Fact_Baseline_PV!C:C, Fact_Baseline_PV!B:B, A21, Fact_Baseline_PV!A:A, "<="&B$4) | F21: =SUMIFS(Fact_Actual_Costs!D:D, Fact_Actual_Costs!B:B, A21) | G21: =IFERROR(_xlfn.MAXIFS(Fact_Physical_Progress!C:C, Fact_Physical_Progress!B:B, A21, Fact_Physical_Progress!A:A, "<="&B$4), 0) | H21: =D21*G21 | I21: =H21-F21 | J21: =H21-E21 | K21: =IF(F21>0, H21/F21, 1.00) | L21: =IF(E21>0, H21/E21, 1.00) | M21: =IF(K21>0, D21/K21, D21) | N21: =M21-F21 | O21: =D21-M21 | P21: =IF(K21<0.95, "🔴 Overrun", IF(K21<1.0, "🟡 Warning", "On Track"))
A22: WBS-05 | B22: Demolition & Prep | C22: Labor | D22: =VLOOKUP(A22, Dim_WBS!A:E, 5, FALSE) | E22: =SUMIFS(Fact_Baseline_PV!C:C, Fact_Baseline_PV!B:B, A22, Fact_Baseline_PV!A:A, "<="&B$4) | F22: =SUMIFS(Fact_Actual_Costs!D:D, Fact_Actual_Costs!B:B, A22) | G22: =IFERROR(_xlfn.MAXIFS(Fact_Physical_Progress!C:C, Fact_Physical_Progress!B:B, A22, Fact_Physical_Progress!A:A, "<="&B$4), 0) | H22: =D22*G22 | I22: =H22-F22 | J22: =H22-E22 | K22: =IF(F22>0, H22/F22, 1.00) | L22: =IF(E22>0, H22/E22, 1.00) | M22: =IF(K22>0, D22/K22, D22) | N22: =M22-F22 | O22: =D22-M22 | P22: =IF(K22<0.95, "🔴 Overrun", IF(K22<1.0, "🟡 Warning", "On Track"))
A23: WBS-06 | B23: Electrical Rough-In | C23: Labor | D23: =VLOOKUP(A23, Dim_WBS!A:E, 5, FALSE) | E23: =SUMIFS(Fact_Baseline_PV!C:C, Fact_Baseline_PV!B:B, A23, Fact_Baseline_PV!A:A, "<="&B$4) | F23: =SUMIFS(Fact_Actual_Costs!D:D, Fact_Actual_Costs!B:B, A23) | G23: =IFERROR(_xlfn.MAXIFS(Fact_Physical_Progress!C:C, Fact_Physical_Progress!B:B, A23, Fact_Physical_Progress!A:A, "<="&B$4), 0) | H23: =D23*G23 | I23: =H23-F23 | J23: =H23-E23 | K23: =IF(F23>0, H23/F23, 1.00) | L23: =IF(E23>0, H23/E23, 1.00) | M23: =IF(K23>0, D23/K23, D23) | N23: =M23-F23 | O23: =D23-M23 | P23: =IF(K23<0.95, "🔴 Overrun", IF(K23<1.0, "🟡 Warning", "On Track"))
A24: WBS-07 | B24: HVAC Installation | C24: Subcontractor | D24: =VLOOKUP(A24, Dim_WBS!A:E, 5, FALSE) | E24: =SUMIFS(Fact_Baseline_PV!C:C, Fact_Baseline_PV!B:B, A24, Fact_Baseline_PV!A:A, "<="&B$4) | F24: =SUMIFS(Fact_Actual_Costs!D:D, Fact_Actual_Costs!B:B, A24) | G24: =IFERROR(_xlfn.MAXIFS(Fact_Physical_Progress!C:C, Fact_Physical_Progress!B:B, A24, Fact_Physical_Progress!A:A, "<="&B$4), 0) | H24: =D24*G24 | I24: =H24-F24 | J24: =H24-E24 | K24: =IF(F24>0, H24/F24, 1.00) | L24: =IF(E24>0, H24/E24, 1.00) | M24: =IF(K24>0, D24/K24, D24) | N24: =M24-F24 | O24: =D24-M24 | P24: =IF(K24<0.95, "🔴 Overrun", IF(K24<1.0, "🟡 Warning", "On Track"))
A25: WBS-08 | B25: Partitions & Drywall | C25: Subcontractor | D25: =VLOOKUP(A25, Dim_WBS!A:E, 5, FALSE) | E25: =SUMIFS(Fact_Baseline_PV!C:C, Fact_Baseline_PV!B:B, A25, Fact_Baseline_PV!A:A, "<="&B$4) | F25: =SUMIFS(Fact_Actual_Costs!D:D, Fact_Actual_Costs!B:B, A25) | G25: =IFERROR(_xlfn.MAXIFS(Fact_Physical_Progress!C:C, Fact_Physical_Progress!B:B, A25, Fact_Physical_Progress!A:A, "<="&B$4), 0) | H25: =D25*G25 | I25: =H25-F25 | J25: =H25-E25 | K25: =IF(F25>0, H25/F25, 1.00) | L25: =IF(E25>0, H25/E25, 1.00) | M25: =IF(K25>0, D25/K25, D25) | N25: =M25-F25 | O25: =D25-M25 | P25: =IF(K25<0.95, "🔴 Overrun", IF(K25<1.0, "🟡 Warning", "On Track"))
A26: WBS-09 | B26: Flooring | C26: Material | D26: =VLOOKUP(A26, Dim_WBS!A:E, 5, FALSE) | E26: =SUMIFS(Fact_Baseline_PV!C:C, Fact_Baseline_PV!B:B, A26, Fact_Baseline_PV!A:A, "<="&B$4) | F26: =SUMIFS(Fact_Actual_Costs!D:D, Fact_Actual_Costs!B:B, A26) | G26: =IFERROR(_xlfn.MAXIFS(Fact_Physical_Progress!C:C, Fact_Physical_Progress!B:B, A26, Fact_Physical_Progress!A:A, "<="&B$4), 0) | H26: =D26*G26 | I26: =H26-F26 | J26: =H26-E26 | K26: =IF(F26>0, H26/F26, 1.00) | L26: =IF(E26>0, H26/E26, 1.00) | M26: =IF(K26>0, D26/K26, D26) | N26: =M26-F26 | O26: =D26-M26 | P26: =IF(K26<0.95, "🔴 Overrun", IF(K26<1.0, "🟡 Warning", "On Track"))
A27: WBS-10 | B27: Fixtures & Furniture | C27: Material | D27: =VLOOKUP(A27, Dim_WBS!A:E, 5, FALSE) | E27: =SUMIFS(Fact_Baseline_PV!C:C, Fact_Baseline_PV!B:B, A27, Fact_Baseline_PV!A:A, "<="&B$4) | F27: =SUMIFS(Fact_Actual_Costs!D:D, Fact_Actual_Costs!B:B, A27) | G27: =IFERROR(_xlfn.MAXIFS(Fact_Physical_Progress!C:C, Fact_Physical_Progress!B:B, A27, Fact_Physical_Progress!A:A, "<="&B$4), 0) | H27: =D27*G27 | I27: =H27-F27 | J27: =H27-E27 | K27: =IF(F27>0, H27/F27, 1.00) | L27: =IF(E27>0, H27/E27, 1.00) | M27: =IF(K27>0, D27/K27, D27) | N27: =M27-F27 | O27: =D27-M27 | P27: =IF(K27<0.95, "🔴 Overrun", IF(K27<1.0, "🟡 Warning", "On Track"))
A28: WBS-11 | B28: Testing / Commissioning | C28: Labor | D28: =VLOOKUP(A28, Dim_WBS!A:E, 5, FALSE) | E28: =SUMIFS(Fact_Baseline_PV!C:C, Fact_Baseline_PV!B:B, A28, Fact_Baseline_PV!A:A, "<="&B$4) | F28: =SUMIFS(Fact_Actual_Costs!D:D, Fact_Actual_Costs!B:B, A28) | G28: =IFERROR(_xlfn.MAXIFS(Fact_Physical_Progress!C:C, Fact_Physical_Progress!B:B, A28, Fact_Physical_Progress!A:A, "<="&B$4), 0) | H28: =D28*G28 | I28: =H28-F28 | J28: =H28-E28 | K28: =IF(F28>0, H28/F28, 1.00) | L28: =IF(E28>0, H28/E28, 1.00) | M28: =IF(K28>0, D28/K28, D28) | N28: =M28-F28 | O28: =D28-M28 | P28: =IF(K28<0.95, "🔴 Overrun", IF(K28<1.0, "🟡 Warning", "On Track"))
A29: WBS-12 | B29: Handover & Closeout | C29: Labor | D29: =VLOOKUP(A29, Dim_WBS!A:E, 5, FALSE) | E29: =SUMIFS(Fact_Baseline_PV!C:C, Fact_Baseline_PV!B:B, A29, Fact_Baseline_PV!A:A, "<="&B$4) | F29: =SUMIFS(Fact_Actual_Costs!D:D, Fact_Actual_Costs!B:B, A29) | G29: =IFERROR(_xlfn.MAXIFS(Fact_Physical_Progress!C:C, Fact_Physical_Progress!B:B, A29, Fact_Physical_Progress!A:A, "<="&B$4), 0) | H29: =D29*G29 | I29: =H29-F29 | J29: =H29-E29 | K29: =IF(F29>0, H29/F29, 1.00) | L29: =IF(E29>0, H29/E29, 1.00) | M29: =IF(K29>0, D29/K29, D29) | N29: =M29-F29 | O29: =D29-M29 | P29: =IF(K29<0.95, "🔴 Overrun", IF(K29<1.0, "🟡 Warning", "On Track"))
A30: Total / Project Portfolio | D30: =SUM(D18:D29) | E30: =SUM(E18:E29) | F30: =SUM(F18:F29) | G30: =H30/D30 | H30: =SUM(H18:H29) | I30: =H30-F30 | J30: =H30-E30 | K30: =IF(F30>0, H30/F30, 1.00) | L30: =IF(E30>0, H30/E30, 1.00) | M30: =IF(K30>0, D30/K30, D30) | N30: =M30-F30 | O30: =D30-M30 | P30: =IF(K30<0.95, "🔴 Overrun", IF(K30<1.0, "Warning", "On Track"))
A33: Weekly Cumulative Performance Trends
A35: Week | B35: Week Date | C35: Weekly PV | D35: Cum PV | E35: Weekly AC | F35: Cum AC | G35: Cum EV | H35: CV | I35: SV | J35: CPI | K35: SPI
A36: 1 | B36: 46146 | C36: =SUMIFS(Fact_Baseline_PV!C:C, Fact_Baseline_PV!A:A, B36) | D36: =SUM(C$36:C36) | E36: =SUMIFS(Fact_Actual_Costs!D:D, Fact_Actual_Costs!A:A, ">="&B36, Fact_Actual_Costs!A:A, "<="&B36+6) | F36: =SUM(E$36:E36) | G36: =SUMPRODUCT(Dim_WBS!$E$2:$E$13, SUMIFS(Fact_Physical_Progress!$C$2:$C$100, Fact_Physical_Progress!$B$2:$B$100, Dim_WBS!$A$2:$A$13, Fact_Physical_Progress!$A$2:$A$100, "<="&B36+4)) | H36: =G36-F36 | I36: =G36-D36 | J36: =IF(F36>0, G36/F36, 1.00) | K36: =IF(D36>0, G36/D36, 1.00)
A37: 2 | B37: 46153 | C37: =SUMIFS(Fact_Baseline_PV!C:C, Fact_Baseline_PV!A:A, B37) | D37: =SUM(C$36:C37) | E37: =SUMIFS(Fact_Actual_Costs!D:D, Fact_Actual_Costs!A:A, ">="&B37, Fact_Actual_Costs!A:A, "<="&B37+6) | F37: =SUM(E$36:E37) | G37: =SUMPRODUCT(Dim_WBS!$E$2:$E$13, SUMIFS(Fact_Physical_Progress!$C$2:$C$100, Fact_Physical_Progress!$B$2:$B$100, Dim_WBS!$A$2:$A$13, Fact_Physical_Progress!$A$2:$A$100, "<="&B37+4)) | H37: =G37-F37 | I37: =G37-D37 | J37: =IF(F37>0, G37/F37, 1.00) | K37: =IF(D37>0, G37/D37, 1.00)
A38: 3 | B38: 46160 | C38: =SUMIFS(Fact_Baseline_PV!C:C, Fact_Baseline_PV!A:A, B38) | D38: =SUM(C$36:C38) | E38: =SUMIFS(Fact_Actual_Costs!D:D, Fact_Actual_Costs!A:A, ">="&B38, Fact_Actual_Costs!A:A, "<="&B38+6) | F38: =SUM(E$36:E38) | G38: =SUMPRODUCT(Dim_WBS!$E$2:$E$13, SUMIFS(Fact_Physical_Progress!$C$2:$C$100, Fact_Physical_Progress!$B$2:$B$100, Dim_WBS!$A$2:$A$13, Fact_Physical_Progress!$A$2:$A$100, "<="&B38+4)) | H38: =G38-F38 | I38: =G38-D38 | J38: =IF(F38>0, G38/F38, 1.00) | K38: =IF(D38>0, G38/D38, 1.00)
A39: 4 | B39: 46167 | C39: =SUMIFS(Fact_Baseline_PV!C:C, Fact_Baseline_PV!A:A, B39) | D39: =SUM(C$36:C39) | E39: =SUMIFS(Fact_Actual_Costs!D:D, Fact_Actual_Costs!A:A, ">="&B39, Fact_Actual_Costs!A:A, "<="&B39+6) | F39: =SUM(E$36:E39) | G39: =SUMPRODUCT(Dim_WBS!$E$2:$E$13, SUMIFS(Fact_Physical_Progress!$C$2:$C$100, Fact_Physical_Progress!$B$2:$B$100, Dim_WBS!$A$2:$A$13, Fact_Physical_Progress!$A$2:$A$100, "<="&B39+4)) | H39: =G39-F39 | I39: =G39-D39 | J39: =IF(F39>0, G39/F39, 1.00) | K39: =IF(D39>0, G39/D39, 1.00)
A40: 5 | B40: 46174 | C40: =SUMIFS(Fact_Baseline_PV!C:C, Fact_Baseline_PV!A:A, B40) | D40: =SUM(C$36:C40) | E40: =SUMIFS(Fact_Actual_Costs!D:D, Fact_Actual_Costs!A:A, ">="&B40, Fact_Actual_Costs!A:A, "<="&B40+6) | F40: =SUM(E$36:E40) | G40: =SUMPRODUCT(Dim_WBS!$E$2:$E$13, SUMIFS(Fact_Physical_Progress!$C$2:$C$100, Fact_Physical_Progress!$B$2:$B$100, Dim_WBS!$A$2:$A$13, Fact_Physical_Progress!$A$2:$A$100, "<="&B40+4)) | H40: =G40-F40 | I40: =G40-D40 | J40: =IF(F40>0, G40/F40, 1.00) | K40: =IF(D40>0, G40/D40, 1.00)
A41: 6 | B41: 46181 | C41: =SUMIFS(Fact_Baseline_PV!C:C, Fact_Baseline_PV!A:A, B41) | D41: =SUM(C$36:C41) | E41: =SUMIFS(Fact_Actual_Costs!D:D, Fact_Actual_Costs!A:A, ">="&B41, Fact_Actual_Costs!A:A, "<="&B41+6) | F41: =SUM(E$36:E41) | G41: =SUMPRODUCT(Dim_WBS!$E$2:$E$13, SUMIFS(Fact_Physical_Progress!$C$2:$C$100, Fact_Physical_Progress!$B$2:$B$100, Dim_WBS!$A$2:$A$13, Fact_Physical_Progress!$A$2:$A$100, "<="&B41+4)) | H41: =G41-F41 | I41: =G41-D41 | J41: =IF(F41>0, G41/F41, 1.00) | K41: =IF(D41>0, G41/D41, 1.00)
A42: 7 | B42: 46188 | C42: =SUMIFS(Fact_Baseline_PV!C:C, Fact_Baseline_PV!A:A, B42) | D42: =SUM(C$36:C42) | E42: =SUMIFS(Fact_Actual_Costs!D:D, Fact_Actual_Costs!A:A, ">="&B42, Fact_Actual_Costs!A:A, "<="&B42+6) | F42: =SUM(E$36:E42) | G42: =SUMPRODUCT(Dim_WBS!$E$2:$E$13, SUMIFS(Fact_Physical_Progress!$C$2:$C$100, Fact_Physical_Progress!$B$2:$B$100, Dim_WBS!$A$2:$A$13, Fact_Physical_Progress!$A$2:$A$100, "<="&B42+4)) | H42: =G42-F42 | I42: =G42-D42 | J42: =IF(F42>0, G42/F42, 1.00) | K42: =IF(D42>0, G42/D42, 1.00)
A43: 8 | B43: 46195 | C43: =SUMIFS(Fact_Baseline_PV!C:C, Fact_Baseline_PV!A:A, B43) | D43: =SUM(C$36:C43) | E43: =SUMIFS(Fact_Actual_Costs!D:D, Fact_Actual_Costs!A:A, ">="&B43, Fact_Actual_Costs!A:A, "<="&B43+6) | F43: =SUM(E$36:E43) | G43: =SUMPRODUCT(Dim_WBS!$E$2:$E$13, SUMIFS(Fact_Physical_Progress!$C$2:$C$100, Fact_Physical_Progress!$B$2:$B$100, Dim_WBS!$A$2:$A$13, Fact_Physical_Progress!$A$2:$A$100, "<="&B43+4)) | H43: =G43-F43 | I43: =G43-D43 | J43: =IF(F43>0, G43/F43, 1.00) | K43: =IF(D43>0, G43/D43, 1.00)
A44: 9 | B44: 46202 | C44: =SUMIFS(Fact_Baseline_PV!C:C, Fact_Baseline_PV!A:A, B44) | D44: =SUM(C$36:C44) | E44: =SUMIFS(Fact_Actual_Costs!D:D, Fact_Actual_Costs!A:A, ">="&B44, Fact_Actual_Costs!A:A, "<="&B44+6) | F44: =SUM(E$36:E44) | G44: =SUMPRODUCT(Dim_WBS!$E$2:$E$13, SUMIFS(Fact_Physical_Progress!$C$2:$C$100, Fact_Physical_Progress!$B$2:$B$100, Dim_WBS!$A$2:$A$13, Fact_Physical_Progress!$A$2:$A$100, "<="&B44+4)) | H44: =G44-F44 | I44: =G44-D44 | J44: =IF(F44>0, G44/F44, 1.00) | K44: =IF(D44>0, G44/D44, 1.00)
A45: 10 | B45: 46209 | C45: =SUMIFS(Fact_Baseline_PV!C:C, Fact_Baseline_PV!A:A, B45) | D45: =SUM(C$36:C45) | E45: =SUMIFS(Fact_Actual_Costs!D:D, Fact_Actual_Costs!A:A, ">="&B45, Fact_Actual_Costs!A:A, "<="&B45+6) | F45: =SUM(E$36:E45) | G45: =SUMPRODUCT(Dim_WBS!$E$2:$E$13, SUMIFS(Fact_Physical_Progress!$C$2:$C$100, Fact_Physical_Progress!$B$2:$B$100, Dim_WBS!$A$2:$A$13, Fact_Physical_Progress!$A$2:$A$100, "<="&B45+4)) | H45: =G45-F45 | I45: =G45-D45 | J45: =IF(F45>0, G45/F45, 1.00) | K45: =IF(D45>0, G45/D45, 1.00)
A46: 11 | B46: 46216 | C46: =SUMIFS(Fact_Baseline_PV!C:C, Fact_Baseline_PV!A:A, B46) | D46: =SUM(C$36:C46) | E46: =SUMIFS(Fact_Actual_Costs!D:D, Fact_Actual_Costs!A:A, ">="&B46, Fact_Actual_Costs!A:A, "<="&B46+6) | F46: =SUM(E$36:E46) | G46: =SUMPRODUCT(Dim_WBS!$E$2:$E$13, SUMIFS(Fact_Physical_Progress!$C$2:$C$100, Fact_Physical_Progress!$B$2:$B$100, Dim_WBS!$A$2:$A$13, Fact_Physical_Progress!$A$2:$A$100, "<="&B46+4)) | H46: =G46-F46 | I46: =G46-D46 | J46: =IF(F46>0, G46/F46, 1.00) | K46: =IF(D46>0, G46/D46, 1.00)
A47: 12 | B47: 46223 | C47: =SUMIFS(Fact_Baseline_PV!C:C, Fact_Baseline_PV!A:A, B47) | D47: =SUM(C$36:C47) | E47: =SUMIFS(Fact_Actual_Costs!D:D, Fact_Actual_Costs!A:A, ">="&B47, Fact_Actual_Costs!A:A, "<="&B47+6) | F47: =SUM(E$36:E47) | G47: =SUMPRODUCT(Dim_WBS!$E$2:$E$13, SUMIFS(Fact_Physical_Progress!$C$2:$C$100, Fact_Physical_Progress!$B$2:$B$100, Dim_WBS!$A$2:$A$13, Fact_Physical_Progress!$A$2:$A$100, "<="&B47+4)) | H47: =G47-F47 | I47: =G47-D47 | J47: =IF(F47>0, G47/F47, 1.00) | K47: =IF(D47>0, G47/D47, 1.00)

Sheet Dim_Project
A1: Project_ID | B1: Project_Name | C1: Start_Date | D1: End_Date | E1: BAC | F1: Sector
A2: P101 | B2: Office Fit-Out | C2: 46146 | D2: 46229 | E2: 268650 | F2: Corporate Real Estate

Sheet Dim_WBS
A1: WBS_ID | B1: WBS_Code | C1: Activity_Name | D1: Type | E1: Total_Budget
A2: WBS-01 | B2: 1 | C2: Project Management | D2: Labor | E2: 18000
A3: WBS-02 | B3: 2 | C3: Site Survey & Mobilization | D3: Labor | E3: 8500
A4: WBS-03 | B4: 3 | C4: Design & Engineering | D4: Labor | E4: 19200
A5: WBS-04 | B5: 4 | C5: Procurement - Materials | D5: Material | E5: 42000
A6: WBS-05 | B6: 5 | C6: Demolition & Prep | D6: Labor | E6: 13200
A7: WBS-06 | B7: 6 | C7: Electrical Rough-In | D7: Labor | E7: 26000
A8: WBS-07 | B8: 7 | C8: HVAC Installation | D8: Subcontractor | E8: 36000
A9: WBS-08 | B9: 8 | C9: Partitions & Drywall | D9: Subcontractor | E9: 28000
A10: WBS-09 | B10: 9 | C10: Flooring | D10: Material | E10: 35750
A11: WBS-10 | B11: 10 | C11: Fixtures & Furniture | D11: Material | E11: 30000
A12: WBS-11 | B12: 11 | C12: Testing / Commissioning | D12: Labor | E12: 8400
A13: WBS-12 | B13: 12 | C13: Handover & Closeout | D13: Labor | E13: 3600

Sheet Dim_Resource
A1: Resource_ID | B1: Resource_Name | C1: Role | D1: Hourly_Rate
A2: R01 | B2: Project Manager | C2: Management | D2: 1500
A3: R02 | B3: Lead Engineer | C3: Engineering | D3: 2400
A4: R03 | B4: Electrician | C4: Trades | D4: 2600
A5: R04 | B5: Demolition Crew | C5: Labor | D5: 2200
A6: R05 | B6: Testing Engineer | C6: QA | D6: 2100
A7: R06 | B7: Closeout Specialist | C7: QA | D7: 1800
A8: R07 | B8: Materials Vendor | C8: Vendor | D8: 0
A9: R08 | B9: HVAC Contractor | C9: Contractor | D9: 0
A10: R09 | B10: Drywall Contractor | C10: Contractor | D10: 0
A11: R10 | B11: Flooring Supplier | C11: Vendor | D11: 0
A12: R11 | B12: Furniture Supplier | C12: Vendor | D12: 0

Sheet Dim_Calendar
A1: Date | B1: Year | C1: Month | D1: Month_Name | E1: Quarter | F1: Week_Number | G1: Is_Weekday
A2: 46146 | B2: 2026 | C2: 5 | D2: May | E2: 2 | F2: 1 | G2: 1
A3: 46147 | B3: 2026 | C3: 5 | D3: May | E3: 2 | F3: 1 | G3: 1
A4: 46148 | B4: 2026 | C4: 5 | D4: May | E4: 2 | F4: 1 | G4: 1
A5: 46149 | B5: 2026 | C5: 5 | D5: May | E5: 2 | F5: 1 | G5: 1
A6: 46150 | B6: 2026 | C6: 5 | D6: May | E6: 2 | F6: 1 | G6: 1
A7: 46151 | B7: 2026 | C7: 5 | D7: May | E7: 2 | F7: 1 | G7: 0
A8: 46152 | B8: 2026 | C8: 5 | D8: May | E8: 2 | F8: 1 | G8: 0
A9: 46153 | B9: 2026 | C9: 5 | D9: May | E9: 2 | F9: 2 | G9: 1
A10: 46154 | B10: 2026 | C10: 5 | D10: May | E10: 2 | F10: 2 | G10: 1
A11: 46155 | B11: 2026 | C11: 5 | D11: May | E11: 2 | F11: 2 | G11: 1
A12: 46156 | B12: 2026 | C12: 5 | D12: May | E12: 2 | F12: 2 | G12: 1
A13: 46157 | B13: 2026 | C13: 5 | D13: May | E13: 2 | F13: 2 | G13: 1
... A85: 46229 | B85: 2026 | C85: 7 | D85: July | E85: 3 | F85: 12 | G85: 0

Sheet Fact_Baseline_PV
A1: Date | B1: WBS_ID | C1: Planned_Value
A2: 46146 | B2: WBS-01 | C2: 1500
A3: 46153 | B3: WBS-01 | C3: 1500
A4: 46160 | B4: WBS-01 | C4: 1500
A5: 46167 | B5: WBS-01 | C5: 1500
A6: 46174 | B6: WBS-01 | C6: 1500
A7: 46181 | B7: WBS-01 | C7: 1500
A8: 46188 | B8: WBS-01 | C8: 1500
A9: 46195 | B9: WBS-01 | C9: 1500
A10: 46202 | B10: WBS-01 | C10: 1500
A11: 46209 | B11: WBS-01 | C11: 1500
A12: 46216 | B12: WBS-01 | C12: 1500
A13: 46223 | B13: WBS-01 | C13: 1500
... A44: 46223 | B44: WBS-12 | C44: 3600

Sheet Fact_Actual_Costs
A1: Date | B1: WBS_ID | C1: Resource_ID | D1: Actual_Cost | E1: Hours_Worked
A2: 46146 | B2: WBS-01 | C2: R01 | D2: 320 | E2: 0.21
A3: 46147 | B3: WBS-01 | C3: R01 | D3: 320 | E3: 0.21
A4: 46148 | B4: WBS-01 | C4: R01 | D4: 320 | E4: 0.21
A5: 46149 | B5: WBS-01 | C5: R01 | D5: 320 | E5: 0.21
A6: 46150 | B6: WBS-01 | C6: R01 | D6: 320 | E6: 0.21
A7: 46146 | B7: WBS-02 | C7: R04 | D7: 1740 | E7: 0.79
A8: 46147 | B8: WBS-02 | C8: R04 | D8: 1740 | E8: 0.79
A9: 46148 | B9: WBS-02 | C9: R04 | D9: 1740 | E9: 0.79
A10: 46149 | B10: WBS-02 | C10: R04 | D10: 1740 | E10: 0.79
A11: 46150 | B11: WBS-02 | C11: R04 | D11: 1740 | E11: 0.79
A12: 46146 | B12: WBS-03 | C12: R02 | D12: 1199.01 | E12: 0.5
A13: 46147 | B13: WBS-03 | C13: R02 | D13: 1199.01 | E13: 0.5
... A100: 46185 | B100: WBS-08 | C100: R09 | D100: 1419.84 | E100: 0

Sheet Fact_Physical_Progress
A1: Date | B1: WBS_ID | C1: Physical_Progress_Pct
A2: 46150 | B2: WBS-01 | C2: 0.083333
A3: 46150 | B3: WBS-02 | C3: 1
A4: 46150 | B4: WBS-03 | C4: 0.265
A5: 46157 | B5: WBS-01 | C5: 0.166667
A6: 46157 | B6: WBS-02 | C6: 1
A7: 46157 | B7: WBS-03 | C7: 0.6
A8: 46157 | B8: WBS-04 | C8: 0.2
A9: 46157 | B9: WBS-05 | C9: 0.351818
A10: 46164 | B10: WBS-01 | C10: 0.25
A11: 46164 | B11: WBS-02 | C11: 1
A12: 46164 | B12: WBS-03 | C12: 1
A13: 46164 | B13: WBS-04 | C13: 0.45
... A35: 46185 | B35: WBS-08 | C35: 0.248857
